Workbook

Sheet 1_DE_BAI_BAI_TAP
B2: BÀI TẬP THỰC HÀNH: XÂY DỰNG DASHBOARD BÁO CÁO ĐIỀU HÀNH (Dành cho Học viên các lớp Báo chí Đa nền tảng, Quản trị Văn phòng & Phân tích Dữ liệu AI)
B4: Giảng viên hướng dẫn: Nhà báo Đặng Sinh | Thời gian hoàn thành: 60 - 90 phút | Công cụ: Excel / Google Sheets / Looker Studio / Power BI / AI Canvas
B6: I. BỐI CẢNH NGHIỆP VỤ (SCENARIO)
B7: Kịch bản 1 - Quản trị Tòa soạn Đa nền tảng (Sheet 2): | C7: Bạn là Trưởng phòng Phân tích dữ liệu của một cơ quan báo chí - truyền thông đa nền tảng. Ban Biên tập yêu cầu một Dashboard theo dõi hiệu suất của 500 sản phẩm nội dung (YouTube, TikTok, Báo điện tử, Podcast, Facebook) trong 6 tháng đầu năm 2026 để đánh giá KPI các Ban chuyên môn, tỷ lệ sản xuất có ứng dụng AI và hiệu quả doanh thu quảng cáo.
B8: Kịch bản 2 - Quản trị Hành chính, Dự án & Ngân sách (Sheet 3): | C8: Bạn là Chánh Văn phòng / Chuyên viên Tổng hợp của một Tập đoàn hoặc Cơ quan hành chính. Lãnh đạo đơn vị cần một Dashboard điều hành theo dõi 180 hạng mục công việc, dự án chuyển đổi số, giải ngân ngân sách và xử lý hồ sơ văn bản tại 6 phòng ban để phát hiện ngay các điểm nghẽn (quá hạn, vượt định mức ngân sách, tồn đọng hồ sơ).
B9: Hình thức lựa chọn: | C9: Học viên có thể chọn 1 trong 2 kịch bản (hoặc kết hợp cả hai theo yêu cầu của Giảng viên) để thiết kế Dashboard báo cáo chỉ trên 1 màn hình duy nhất (One-Page Executive Dashboard).
B11: II. YÊU CẦU KỸ THUẬT CẦN ĐẠT ĐƯỢC (DELIVERABLES)
B12: 1. Khối Chỉ số Tổng quan (KPI Cards): | C12: Thiết kế tối thiểu 4 - 6 thẻ KPI ở đầu trang hiển thị các con số cốt lõi (VD: Tổng Lượt xem, Tổng Doanh thu, Tỷ lệ đạt KPI %, Tỷ lệ ứng dụng AI %; hoặc Tổng Ngân sách, Tỷ lệ giải ngân %, Tỷ lệ hồ sơ đúng hạn %, Số dự án Quá hạn). Có so sánh % tăng/giảm so với tháng trước hoặc kế hoạch.
B13: 2. Khối Biểu đồ Xu hướng (Trend Analysis): | C13: Vẽ biểu đồ đường (Line Chart) hoặc vùng (Area Chart) thể hiện biến động theo chuỗi thời gian (Tháng 01/2026 -> Tháng 06/2026) của Lượt xem/Doanh thu hoặc Tiến độ giải ngân/Khối lượng hồ sơ.
B14: 3. Khối Biểu đồ Cơ cấu & So sánh (Structure & Comparison): | C14: Vẽ biểu đồ cột ngang/dọc (Bar/Column Chart) và biểu đồ tròn/vành khuyên (Donut Chart) để so sánh hiệu suất giữa các Nền tảng (TikTok, YouTube, Web...), các Phòng ban/Ban chuyên môn, và phân bổ chi phí.
B15: 4. Khối Cảnh báo & Tương tác (Interactive Filters & Alerts): | C15: Tích hợp bộ lọc động (Slicer / Dropdown) theo Tháng, Phòng ban, Nền tảng hoặc Trạng thái. Lập bảng Top 5 sản phẩm xuất sắc nhất hoặc Danh sách các hạng mục 'Quá hạn / Vượt ngân sách' có tô màu cảnh báo tự động (Conditional Formatting).
B16: 5. Nhận xét & Đề xuất Tham mưu (AI Insights): | C16: Từ Dashboard đã dựng, viết 3 gạch đầu dòng nhận xét sắc bén theo cấu trúc MECE (Hiện trạng -> Nguyên nhân gốc rễ -> Giải pháp điều hành tháng tới).
B18: III. TIÊU CHÍ CHẤM ĐIỂM (GRADING RUBRIC - THANG ĐIỂM 100)
B19: 1. Tính chính xác của dữ liệu (30 điểm): | C19: Tổng hợp đúng bằng PivotTable / Hàm (SUMIFS, COUNTIFS, AVERAGEIFS, XLOOKUP), không sai lệch số liệu gốc, xử lý đúng đơn vị tính (Triệu VNĐ, %).
B20: 2. Tư duy chọn biểu đồ & Bố cục MECE (30 điểm): | C20: Chọn đúng loại biểu đồ cho từng bản chất dữ liệu; bố cục phân tầng từ Tổng quan (KPIs) -> Chi tiết (Charts) -> Hành động (Actionable Table); không nhồi nhét rối mắt.
B21: 3. Thẩm mỹ & Trải nghiệm tương tác (20 điểm): | C21: Phối màu đồng nhất (tối đa 3-4 tông màu chủ đạo), căn lề chuẩn, có Slicer/Filter hoạt động mượt mà.
B22: 4. Giá trị tham mưu điều hành (20 điểm): | C22: Phát hiện được các 'Insight ẩn' đã cài cắm trong bộ dữ liệu giả lập (VD: Nền tảng nào chi phí thấp nhưng ROI cao nhất? Phòng ban nào hay trễ hạn nhất? Ứng dụng AI giúp giảm bao nhiêu % chi phí?).
B24: IV. CÁC 'INSIGHT ẨN' ĐÃ CÀI CẮM TRONG DỮ LIỆU (DÀNH CHO GIẢNG VIÊN KIỂM CHỨNG KHI CHẤM BÀI)
B25: Insight 1 (Đa nền tảng - Hiệu quả AI): | C25: Các sản phẩm có 'Mức độ ứng dụng AI' = 'Toàn trình (70%)' hoặc 'Hỗ trợ sâu (40%)' có Chi phí sản xuất thấp hơn trung bình ~28% nhưng Tỷ lệ giữ chân (Retention Rate) và ROI lại cao hơn nhóm Thủ công.
B26: Insight 2 (Đa nền tảng - Kênh & Chuyên mục): | C26: TikTok và YouTube Shorts dẫn đầu về Lượt xem (Views), nhưng YouTube Long-form và Chuyên đề Phóng sự Điều tra / Kinh tế Vĩ mô mới là nguồn mang lại Doanh thu Quảng cáo & Tài trợ cao nhất.
B27: Insight 3 (Hành chính & Dự án - Điểm nghẽn): | C27: Khối Kỹ thuật & Hạ tầng số chiếm ngân sách lớn nhất nhưng tỷ lệ giải ngân chậm vào Quý 1; trong khi Phòng Hành chính - Tổng hợp có số lượng hồ sơ lớn nhất và phát sinh tỷ lệ trễ hạn cao ở nhóm công việc 'Thủ công' chưa tự động hóa.
B28: Insight 4 (Xu hướng thời gian): | C28: Tháng 03/2026 và Tháng 05/2026 là 2 đỉnh cao điểm cả về lưu lượng truy cập lẫn khối lượng giải ngân dự án trong 6 tháng đầu năm.

Sheet 2_DATA_DA_NEN_TANG
A1: BỘ DỮ LIỆU 1: BÁO CÁO HIỆU SUẤT SẢN PHẨM TRUYỀN THÔNG ĐA NỀN TẢNG (6 THÁNG ĐẦU NĂM 2026 - 500 BẢN GHI)
A3: Mã SP | B3: Ngày xuất bản | C3: Tháng | D3: Quý | E3: Ban Chuyên môn | F3: Tác giả / Nhóm SX | G3: Nền tảng phát hành | H3: Định dạng (Format) | I3: Chuyên mục nội dung | J3: Mức độ ứng dụng AI | K3: Lượt xem (Views) | L3: Tương tác (Likes/Shares/Comments) | M3: Tỷ lệ tương tác (ER %) | N3: Thời lượng xem TB (Giây) | O3: Tỷ lệ giữ chân (Retention %) | P3: Chi phí sản xuất (VNĐ) | Q3: Doanh thu Quảng cáo & Tài trợ (VNĐ) | R3: Lợi nhuận ròng (VNĐ) | S3: ROI (%) | T3: Đánh giá KPI
A4: SP-0001 | B4: 46039 | C4: Tháng 01/2026 | D4: Quý 1 | E4: Ban Công nghệ & AI | F4: Nhóm Gia Hưng | G4: Facebook Page | H4: Facebook Reels | I4: Công nghệ & AI | J4: Thủ công (0%) | K4: 251568 | L4: 13257 | M4: =L4/K4 | N4: 119 | O4: 0.6175 | P4: 4250000 | Q4: 6350000 | R4: =Q4-P4 | S4: =(Q4-P4)/P4 | T4: =IF(AND(K4>=50000, S4>=0.35), "Vượt KPI", IF(AND(K4>=20000, S4>=0), "Đạt KPI", "Chưa đạt KPI"))
A5: SP-0002 | B5: 46082 | C5: Tháng 03/2026 | D5: Quý 1 | E5: Ban Công nghệ & AI | F5: Nhóm Tuấn Kiệt | G5: TikTok | H5: Short Video (<60s) | I5: Kinh tế - Thị trường | J5: Toàn trình (70%) | K5: 1091467 | L5: 76511 | M5: =L5/K5 | N5: 48 | O5: 0.5142 | P5: 2400000 | Q5: 7100000 | R5: =Q5-P5 | S5: =(Q5-P5)/P5 | T5: =IF(AND(K5>=50000, S5>=0.35), "Vượt KPI", IF(AND(K5>=20000, S5>=0), "Đạt KPI", "Chưa đạt KPI"))
A6: SP-0003 | B6: 46163 | C6: Tháng 05/2026 | D6: Quý 2 | E6: Ban Video & Truyền hình số | F6: Nhóm Thu Trang | G6: TikTok | H6: TikTok Reel (1-3p) | I6: Chính sách & Pháp luật | J6: Hỗ trợ sâu (40%) | K6: 971395 | L6: 88591 | M6: =L6/K6 | N6: 19 | O6: 0.6527 | P6: 1400000 | Q6: 3050000 | R6: =Q6-P6 | S6: =(Q6-P6)/P6 | T6: =IF(AND(K6>=50000, S6>=0.35), "Vượt KPI", IF(AND(K6>=20000, S6>=0), "Đạt KPI", "Chưa đạt KPI"))
A7: SP-0004 | B7: 46128 | C7: Tháng 04/2026 | D7: Quý 2 | E7: Ban Video & Truyền hình số | F7: Nhóm Quốc Bảo | G7: YouTube | H7: YouTube Shorts | I7: Công nghệ & AI | J7: Hỗ trợ sâu (40%) | K7: 347538 | L7: 29054 | M7: =L7/K7 | N7: 459 | O7: 0.7699 | P7: 8150000 | Q7: 34750000 | R7: =Q7-P7 | S7: =(Q7-P7)/P7 | T7: =IF(AND(K7>=50000, S7>=0.35), "Vượt KPI", IF(AND(K7>=20000, S7>=0), "Đạt KPI", "Chưa đạt KPI"))
A8: SP-0005 | B8: 46169 | C8: Tháng 05/2026 | D8: Quý 2 | E8: Ban Video & Truyền hình số | F8: Nhóm Đặng Minh | G8: Báo Điện tử (Web) | H8: Infographic / Mega Story | I8: Công nghệ & AI | J8: Toàn trình (70%) | K8: 678489 | L8: 56993 | M8: =L8/K8 | N8: 96 | O8: 0.6723 | P8: 3200000 | Q8: 18400000 | R8: =Q8-P8 | S8: =(Q8-P8)/P8 | T8: =IF(AND(K8>=50000, S8>=0.35), "Vượt KPI", IF(AND(K8>=20000, S8>=0), "Đạt KPI", "Chưa đạt KPI"))
A9: SP-0006 | B9: 46066 | C9: Tháng 02/2026 | D9: Quý 1 | E9: Ban Đời sống - Giới trẻ | F9: Nhóm Bảo Ngọc | G9: YouTube | H9: YouTube Shorts | I9: Đời sống - Xã hội | J9: Cơ bản (15%) | K9: 926541 | L9: 47531 | M9: =L9/K9 | N9: 193 | O9: 0.6527 | P9: 2450000 | Q9: 13950000 | R9: =Q9-P9 | S9: =(Q9-P9)/P9 | T9: =IF(AND(K9>=50000, S9>=0.35), "Vượt KPI", IF(AND(K9>=20000, S9>=0), "Đạt KPI", "Chưa đạt KPI"))
A10: SP-0007 | B10: 46158 | C10: Tháng 05/2026 | D10: Quý 2 | E10: Ban Kinh tế - Tài chính | F10: Nhóm Minh Tuấn | G10: TikTok | H10: TikTok Reel (1-3p) | I10: Tài chính Cá nhân & Đầu tư | J10: Hỗ trợ sâu (40%) | K10: 412645 | L10: 36972 | M10: =L10/K10 | N10: 87 | O10: 0.7048 | P10: 1300000 | Q10: 1000000 | R10: =Q10-P10 | S10: =(Q10-P10)/P10 | T10: =IF(AND(K10>=50000, S10>=0.35), "Vượt KPI", IF(AND(K10>=20000, S10>=0), "Đạt KPI", "Chưa đạt KPI"))
A11: SP-0008 | B11: 46159 | C11: Tháng 05/2026 | D11: Quý 2 | E11: Ban Kinh tế - Tài chính | F11: Nhóm Lan Hương | G11: Podcast / Audio | H11: Podcast Chuyên sâu (20p) | I11: Tài chính Cá nhân & Đầu tư | J11: Cơ bản (15%) | K11: 61544 | L11: 1643 | M11: =L11/K11 | N11: 333 | O11: 0.5194 | P11: 800000 | Q11: 2500000 | R11: =Q11-P11 | S11: =(Q11-P11)/P11 | T11: =IF(AND(K11>=50000, S11>=0.35), "Vượt KPI", IF(AND(K11>=20000, S11>=0), "Đạt KPI", "Chưa đạt KPI"))
A12: SP-0009 | B12: 46082 | C12: Tháng 03/2026 | D12: Quý 1 | E12: Ban Video & Truyền hình số | F12: Nhóm Đặng Minh | G12: YouTube | H12: YouTube Shorts | I12: Giáo dục & Tuyển sinh | J12: Toàn trình (70%) | K12: 618265 | L12: 24792 | M12: =L12/K12 | N12: 501 | O12: 0.6952 | P12: 11800000 | Q12: 44650000 | R12: =Q12-P12 | S12: =(Q12-P12)/P12 | T12: =IF(AND(K12>=50000, S12>=0.35), "Vượt KPI", IF(AND(K12>=20000, S12>=0), "Đạt KPI", "Chưa đạt KPI"))
A13: SP-0010 | B13: 46064 | C13: Tháng 02/2026 | D13: Quý 1 | E13: Ban Đời sống - Giới trẻ | F13: Nhóm Duy Khánh | G13: Báo Điện tử (Web) | H13: Infographic / Mega Story | I13: Tài chính Cá nhân & Đầu tư | J13: Cơ bản (15%) | K13: 17694 | L13: 677 | M13: =L13/K13 | N13: 214 | O13: 0.7033 | P13: 5350000 | Q13: 4100000 | R13: =Q13-P13 | S13: =(Q13-P13)/P13 | T13: =IF(AND(K13>=50000, S13>=0.35), "Vượt KPI", IF(AND(K13>=20000, S13>=0), "Đạt KPI", "Chưa đạt KPI"))
A14: SP-0011 | B14: 46199 | C14: Tháng 06/2026 | D14: Quý 2 | E14: Ban Công nghệ & AI | F14: Nhóm Ngọc Ánh | G14: YouTube | H14: YouTube Documentary (>25p) | I14: Công nghệ & AI | J14: Hỗ trợ sâu (40%) | K14: 147382 | L14: 3389 | M14: =L14/K14 | N14: 123 | O14: 0.7291 | P14: 3600000 | Q14: 9550000 | R14: =Q14-P14 | S14: =(Q14-P14)/P14 | T14: =IF(AND(K14>=50000, S14>=0.35), "Vượt KPI", IF(AND(K14>=20000, S14>=0), "Đạt KPI", "Chưa đạt KPI"))
A15: SP-0012 | B15: 46143 | C15: Tháng 05/2026 | D15: Quý 2 | E15: Ban Video & Truyền hình số | F15: Nhóm Quốc Bảo | G15: YouTube | H15: YouTube Documentary (>25p) | I15: Công nghệ & AI | J15: Hỗ trợ sâu (40%) | K15: 111533 | L15: 10182 | M15: =L15/K15 | N15: 465 | O15: 0.6933 | P15: 5350000 | Q15: 17450000 | R15: =Q15-P15 | S15: =(Q15-P15)/P15 | T15: =IF(AND(K15>=50000, S15>=0.35), "Vượt KPI", IF(AND(K15>=20000, S15>=0), "Đạt KPI", "Chưa đạt KPI"))
... A503: SP-0500 | B503: 46176 | C503: Tháng 06/2026 | D503: Quý 2 | E503: Ban Công nghệ & AI | F503: Nhóm Tuấn Kiệt | G503: Facebook Page | H503: Video Bản tin (3-5p) | I503: Kinh tế - Thị trường | J503: Hỗ trợ sâu (40%) | K503: 261989 | L503: 20382 | M503: =L503/K503 | N503: 26 | O503: 0.4834 | P503: 3250000 | Q503: 8500000 | R503: =Q503-P503 | S503: =(Q503-P503)/P503 | T503: =IF(AND(K503>=50000, S503>=0.35), "Vượt KPI", IF(AND(K503>=20000, S503>=0), "Đạt KPI", "Chưa đạt KPI"))
A504: TỔNG CỘNG / TRUNG BÌNH | K504: =SUM(K4:K503) | L504: =SUM(L4:L503) | M504: =L504/K504 | N504: =AVERAGE(N4:N503) | O504: =AVERAGE(O4:O503) | P504: =SUM(P4:P503) | Q504: =SUM(Q4:Q503) | R504: =SUM(R4:R503) | S504: =R504/P504 | T504: =COUNTIF(T4:T503, "Vượt KPI") & " SP Vượt KPI"

Sheet 3_DATA_HANH_CHINH_DU_AN
A1: BỘ DỮ LIỆU 2: THEO DÕI TIẾN ĐỘ DỰ ÁN, GIẢI NGÂN NGÂN SÁCH & XỬ LÝ HỒ SƠ HÀNH CHÍNH (6 THÁNG ĐẦU NĂM 2026 - 180 BẢN GHI)
A3: Mã Nhiệm vụ | B3: Ngày giao việc | C3: Tháng | D3: Phòng ban / Đơn vị chủ trì | E3: Cán bộ phụ trách | F3: Nhóm Nghiệp vụ | G3: Mức độ ưu tiên | H3: Phương thức xử lý (AI / Số hóa) | I3: Tổng Hồ sơ / Đầu việc phát sinh | J3: Hồ sơ hoàn thành đúng hạn | K3: Tỷ lệ đúng hạn (SLA %) | L3: Ngân sách được duyệt (VNĐ) | M3: Thực tế đã giải ngân (VNĐ) | N3: Tỷ lệ giải ngân (%) | O3: Chênh lệch Ngân sách (VNĐ) | P3: Số giờ công tiêu hao | Q3: Trạng thái tiến độ | R3: Đánh giá Cấp độ Rủi ro
A4: NV-001 | B4: 46086 | C4: Tháng 03/2026 | D4: Phòng Tổ chức - Nhân sự & Đào tạo | E4: Lý Minh Khôi | F4: Thẩm định Hồ sơ đấu thầu & Mua sắm | G4: Quan trọng (Trung bình) | H4: Phần mềm Quản lý (E-Office) | I4: 66 | J4: 58 | K4: =J4/I4 | L4: 97000000 | M4: 84200000 | N4: =M4/L4 | O4: =L4-M4 | P4: 93 | Q4: Hoàn thành | R4: =IF(OR(K4<0.75, N4>1.0, Q4="Quá hạn xử lý"), "Rủi ro Cao (Cần xử lý)", IF(K4<0.88, "Rủi ro Trung bình", "An toàn / Tốt"))
A5: NV-002 | B5: 46140 | C5: Tháng 04/2026 | D5: Phòng Tổ chức - Nhân sự & Đào tạo | E5: Lý Minh Khôi | F5: Soạn thảo & Ban hành Văn bản điều hành | G5: Định kỳ (Thấp) | H5: Tự động hóa bằng AI Agent | I5: 81 | J5: 72 | K5: =J5/I5 | L5: 94000000 | M5: 68100000 | N5: =M5/L5 | O5: =L5-M5 | P5: 71 | Q5: Hoàn thành | R5: =IF(OR(K5<0.75, N5>1.0, Q5="Quá hạn xử lý"), "Rủi ro Cao (Cần xử lý)", IF(K5<0.88, "Rủi ro Trung bình", "An toàn / Tốt"))
A6: NV-003 | B6: 46123 | C6: Tháng 04/2026 | D6: Ban Quản lý Dự án Đầu tư & Hạ tầng | E6: Đinh Quốc Huy | F6: Thanh quyết toán & Giải ngân Dự án | G6: Định kỳ (Thấp) | H6: Phần mềm Quản lý (E-Office) | I6: 33 | J6: 25 | K6: =J6/I6 | L6: 412000000 | M6: 425200000 | N6: =M6/L6 | O6: =L6-M6 | P6: 54 | Q6: Quá hạn xử lý | R6: =IF(OR(K6<0.75, N6>1.0, Q6="Quá hạn xử lý"), "Rủi ro Cao (Cần xử lý)", IF(K6<0.88, "Rủi ro Trung bình", "An toàn / Tốt"))
A7: NV-004 | B7: 46140 | C7: Tháng 04/2026 | D7: Phòng Kế hoạch - Tài chính | E7: Đặng Quốc Khánh | F7: Thanh quyết toán & Giải ngân Dự án | G7: Khẩn cấp (Cao) | H7: Xử lý Thủ công (Hồ sơ giấy) | I7: 58 | J7: 31 | K7: =J7/I7 | L7: 128500000 | M7: 94700000 | N7: =M7/L7 | O7: =L7-M7 | P7: 174 | Q7: Quá hạn xử lý | R7: =IF(OR(K7<0.75, N7>1.0, Q7="Quá hạn xử lý"), "Rủi ro Cao (Cần xử lý)", IF(K7<0.88, "Rủi ro Trung bình", "An toàn / Tốt"))
A8: NV-005 | B8: 46078 | C8: Tháng 02/2026 | D8: Văn phòng & Hành chính Tổng hợp | E8: Lê Hoàng Nam | F8: Soạn thảo & Ban hành Văn bản điều hành | G8: Khẩn cấp (Cao) | H8: Tự động hóa bằng AI Agent | I8: 105 | J8: 99 | K8: =J8/I8 | L8: 115000000 | M8: 86700000 | N8: =M8/L8 | O8: =L8-M8 | P8: 90 | Q8: Hoàn thành | R8: =IF(OR(K8<0.75, N8>1.0, Q8="Quá hạn xử lý"), "Rủi ro Cao (Cần xử lý)", IF(K8<0.88, "Rủi ro Trung bình", "An toàn / Tốt"))
A9: NV-006 | B9: 46104 | C9: Tháng 03/2026 | D9: Phòng Tổ chức - Nhân sự & Đào tạo | E9: Đỗ Thị Thu Hà | F9: Triển khai Hạ tầng & Phần mềm AI nội bộ | G9: Khẩn cấp (Cao) | H9: Phần mềm Quản lý (E-Office) | I9: 39 | J9: 31 | K9: =J9/I9 | L9: 139500000 | M9: 106800000 | N9: =M9/L9 | O9: =L9-M9 | P9: 66 | Q9: Hoàn thành | R9: =IF(OR(K9<0.75, N9>1.0, Q9="Quá hạn xử lý"), "Rủi ro Cao (Cần xử lý)", IF(K9<0.88, "Rủi ro Trung bình", "An toàn / Tốt"))
A10: NV-007 | B10: 46046 | C10: Tháng 01/2026 | D10: Phòng Tổ chức - Nhân sự & Đào tạo | E10: Đỗ Thị Thu Hà | F10: Thẩm định Hồ sơ đấu thầu & Mua sắm | G10: Khẩn cấp (Cao) | H10: Bán tự động (Excel + Biểu mẫu) | I10: 106 | J10: 78 | K10: =J10/I10 | L10: 160500000 | M10: 138200000 | N10: =M10/L10 | O10: =L10-M10 | P10: 261 | Q10: Hoàn thành | R10: =IF(OR(K10<0.75, N10>1.0, Q10="Quá hạn xử lý"), "Rủi ro Cao (Cần xử lý)", IF(K10<0.88, "Rủi ro Trung bình", "An toàn / Tốt"))
A11: NV-008 | B11: 46036 | C11: Tháng 01/2026 | D11: Trung tâm Công nghệ & Chuyển đổi số | E11: Bùi Thanh Tùng | F11: Thanh quyết toán & Giải ngân Dự án | G11: Quan trọng (Trung bình) | H11: Xử lý Thủ công (Hồ sơ giấy) | I11: 19 | J11: 10 | K11: =J11/I11 | L11: 221500000 | M11: 171000000 | N11: =M11/L11 | O11: =L11-M11 | P11: 62 | Q11: Quá hạn xử lý | R11: =IF(OR(K11<0.75, N11>1.0, Q11="Quá hạn xử lý"), "Rủi ro Cao (Cần xử lý)", IF(K11<0.88, "Rủi ro Trung bình", "An toàn / Tốt"))
A12: NV-009 | B12: 46116 | C12: Tháng 04/2026 | D12: Ban Quản lý Dự án Đầu tư & Hạ tầng | E12: Võ Đình Trọng | F12: Thanh quyết toán & Giải ngân Dự án | G12: Quan trọng (Trung bình) | H12: Bán tự động (Excel + Biểu mẫu) | I12: 41 | J12: 32 | K12: =J12/I12 | L12: 556000000 | M12: 484400000 | N12: =M12/L12 | O12: =L12-M12 | P12: 58 | Q12: Hoàn thành | R12: =IF(OR(K12<0.75, N12>1.0, Q12="Quá hạn xử lý"), "Rủi ro Cao (Cần xử lý)", IF(K12<0.88, "Rủi ro Trung bình", "An toàn / Tốt"))
A13: NV-010 | B13: 46098 | C13: Tháng 03/2026 | D13: Trung tâm Công nghệ & Chuyển đổi số | E13: Ngô Phương Linh | F13: Thanh quyết toán & Giải ngân Dự án | G13: Quan trọng (Trung bình) | H13: Bán tự động (Excel + Biểu mẫu) | I13: 39 | J13: 28 | K13: =J13/I13 | L13: 498000000 | M13: 471400000 | N13: =M13/L13 | O13: =L13-M13 | P13: 110 | Q13: Hoàn thành | R13: =IF(OR(K13<0.75, N13>1.0, Q13="Quá hạn xử lý"), "Rủi ro Cao (Cần xử lý)", IF(K13<0.88, "Rủi ro Trung bình", "An toàn / Tốt"))
A14: NV-011 | B14: 46116 | C14: Tháng 04/2026 | D14: Phòng Tổ chức - Nhân sự & Đào tạo | E14: Đỗ Thị Thu Hà | F14: Thẩm định Hồ sơ đấu thầu & Mua sắm | G14: Quan trọng (Trung bình) | H14: Phần mềm Quản lý (E-Office) | I14: 43 | J14: 40 | K14: =J14/I14 | L14: 120500000 | M14: 126100000 | N14: =M14/L14 | O14: =L14-M14 | P14: 58 | Q14: Quá hạn xử lý | R14: =IF(OR(K14<0.75, N14>1.0, Q14="Quá hạn xử lý"), "Rủi ro Cao (Cần xử lý)", IF(K14<0.88, "Rủi ro Trung bình", "An toàn / Tốt"))
A15: NV-012 | B15: 46174 | C15: Tháng 06/2026 | D15: Phòng Tổ chức - Nhân sự & Đào tạo | E15: Lý Minh Khôi | F15: Tổ chức Hội nghị, Tập huấn & Đào tạo | G15: Khẩn cấp (Cao) | H15: Phần mềm Quản lý (E-Office) | I15: 44 | J15: 38 | K15: =J15/I15 | L15: 28500000 | M15: 30500000 | N15: =M15/L15 | O15: =L15-M15 | P15: 70 | Q15: Quá hạn xử lý | R15: =IF(OR(K15<0.75, N15>1.0, Q15="Quá hạn xử lý"), "Rủi ro Cao (Cần xử lý)", IF(K15<0.88, "Rủi ro Trung bình", "An toàn / Tốt"))
... A183: NV-180 | B183: 46136 | C183: Tháng 04/2026 | D183: Phòng Tổ chức - Nhân sự & Đào tạo | E183: Đỗ Thị Thu Hà | F183: Thanh quyết toán & Giải ngân Dự án | G183: Định kỳ (Thấp) | H183: Phần mềm Quản lý (E-Office) | I183: 98 | J183: 82 | K183: =J183/I183 | L183: 168500000 | M183: 123900000 | N183: =M183/L183 | O183: =L183-M183 | P183: 173 | Q183: Tạm dừng chờ duyệt | R183: =IF(OR(K183<0.75, N183>1.0, Q183="Quá hạn xử lý"), "Rủi ro Cao (Cần xử lý)", IF(K183<0.88, "Rủi ro Trung bình", "An toàn / Tốt"))
A184: TỔNG CỘNG / TRUNG BÌNH | I184: =SUM(I4:I183) | J184: =SUM(J4:J183) | K184: =J184/I184 | L184: =SUM(L4:L183) | M184: =SUM(M4:M183) | N184: =M184/L184 | O184: =SUM(O4:O183) | P184: =SUM(P4:P183) | Q184: =COUNTIF(Q4:Q183, "Quá hạn xử lý") & " Quá hạn" | R184: =COUNTIF(R4:R183, "Rủi ro Cao (Cần xử lý)") & " Cảnh báo"

Sheet 4_BANG_THAM_CHIEU_KPI
B2: BẢNG THAM CHIẾU ĐỊNH MỨC KPI & NGÂN SÁCH NĂM 2026 (Dùng để Học viên thực hành hàm XLOOKUP / VLOOKUP / SUMIFS khi dựng Dashboard)
B5: BẢNG 1: CHỈ TIÊU KPI ĐA NỀN TẢNG THEO KÊNH PHÁT HÀNH (6 THÁNG ĐẦU NĂM 2026)
B6: Mã Kênh | C6: Nền tảng phát hành | D6: KPI Lượt xem (Views) | E6: KPI Doanh thu (VNĐ) | F6: Định mức Chi phí tối đa (VNĐ) | G6: Trọng số điểm KPI (%)
B7: CH-01 | C7: TikTok | D7: 35000000 | E7: 650000000 | F7: 280000000 | G7: 0.25
B8: CH-02 | C8: YouTube | D8: 28000000 | E8: 1200000000 | F8: 480000000 | G8: 0.35
B9: CH-03 | C9: Báo Điện tử (Web) | D9: 12000000 | E9: 520000000 | F9: 260000000 | G9: 0.2
B10: CH-04 | C10: Facebook Page | D10: 15000000 | E10: 380000000 | F10: 210000000 | G10: 0.12
B11: CH-05 | C11: Podcast / Audio | D11: 2500000 | E11: 150000000 | F11: 90000000 | G11: 0.08
B14: BẢNG 2: ĐỊNH MỨC SLA HÀNH CHÍNH & HẠN MỨC NGÂN SÁCH PHÒNG BAN (6 THÁNG ĐẦU NĂM 2026)
B15: Mã Đơn vị | C15: Phòng ban / Đơn vị chủ trì | D15: Chỉ tiêu SLA Đúng hạn (%) | E15: Hạn mức Ngân sách 6T (VNĐ) | F15: Mục tiêu Tự động hóa AI (%) | G15: Lãnh đạo phụ trách
B16: DV-01 | C16: Văn phòng & Hành chính Tổng hợp | D16: 0.9 | E16: 2200000000 | F16: 0.6 | G16: PGĐ Nội chính
B17: DV-02 | C17: Phòng Kế hoạch - Tài chính | D17: 0.95 | E17: 5800000000 | F17: 0.7 | G17: Kế toán trưởng
B18: DV-03 | C18: Trung tâm Công nghệ & Chuyển đổi số | D18: 0.92 | E18: 9500000000 | F18: 0.85 | G18: Giám đốc CNTT (CIO)
B19: DV-04 | C19: Phòng Tổ chức - Nhân sự & Đào tạo | D19: 0.9 | E19: 2600000000 | F19: 0.55 | G19: Trưởng ban Nhân sự
B20: DV-05 | C20: Phòng Pháp chế & Kiểm soát nội bộ | D20: 0.96 | E20: 2400000000 | F20: 0.65 | G20: Trưởng ban Pháp chế
B21: DV-06 | C21: Ban Quản lý Dự án Đầu tư & Hạ tầng | D21: 0.88 | E21: 11500000000 | F21: 0.5 | G21: Giám đốc Dự án

Sheet 5_DASHBOARD_MAU_THAM_KHAO
B2: EXECUTIVE DASHBOARD MẪU (BÀI GIẢI THAM KHẢO DÀNH CHO GIẢNG VIÊN & HỌC VIÊN ĐỐI CHIẾU) Tổng hợp tự động bằng công thức động từ Sheet 2 (Đa nền tảng) & Sheet 3 (Hành chính - Dự án)
B5: Bộ lọc Nền tảng (Thử nghiệm): | C5: YouTube | D5: Lượt xem Kênh chọn: | E5: =SUMIFS('2_DATA_DA_NEN_TANG'!K4:K503, '2_DATA_DA_NEN_TANG'!G4:G503, C5) | F5: Doanh thu Kênh chọn: | G5: =SUMIFS('2_DATA_DA_NEN_TANG'!Q4:Q503, '2_DATA_DA_NEN_TANG'!G4:G503, C5)
B7: TỔNG LƯỢT XEM (6 THÁNG) | E7: TỔNG DOANH THU QC (VNĐ) | H7: TỶ SUẤT LỢI NHUẬN (ROI %) | K7: TỶ LỆ HỒ SƠ ĐÚNG HẠN (SLA)
B8: ='2_DATA_DA_NEN_TANG'!K504 | E8: ='2_DATA_DA_NEN_TANG'!Q504 | H8: ='2_DATA_DA_NEN_TANG'!S504 | K8: ='3_DATA_HANH_CHINH_DU_AN'!K184
B11: 1. BẢNG TỔNG HỢP HIỆU SUẤT THEO NỀN TẢNG PHÁT HÀNH (DÙNG ĐỂ VẼ BIỂU ĐỒ) | I11: 2. XU HƯỚNG THEO THÁNG (ĐA NỀN TẢNG & GIẢI NGÂN HÀNH CHÍNH)
B12: Nền tảng | C12: Số SP | D12: Tổng Lượt xem | E12: Chi phí SX (VNĐ) | F12: Doanh thu (VNĐ) | G12: Lợi nhuận (VNĐ) | I12: Tháng | J12: Lượt xem (Views) | K12: Doanh thu QC (VNĐ) | L12: Giải ngân Dự án (VNĐ) | M12: Tỷ lệ Đúng hạn SLA
B13: TikTok | C13: =COUNTIF('2_DATA_DA_NEN_TANG'!$G$4:$G$503, B13) | D13: =SUMIFS('2_DATA_DA_NEN_TANG'!$K$4:$K$503, '2_DATA_DA_NEN_TANG'!$G$4:$G$503, B13) | E13: =SUMIFS('2_DATA_DA_NEN_TANG'!$P$4:$P$503, '2_DATA_DA_NEN_TANG'!$G$4:$G$503, B13) | F13: =SUMIFS('2_DATA_DA_NEN_TANG'!$Q$4:$Q$503, '2_DATA_DA_NEN_TANG'!$G$4:$G$503, B13) | G13: =F13-E13 | I13: Tháng 01/2026 | J13: =SUMIFS('2_DATA_DA_NEN_TANG'!$K$4:$K$503, '2_DATA_DA_NEN_TANG'!$C$4:$C$503, I13) | K13: =SUMIFS('2_DATA_DA_NEN_TANG'!$Q$4:$Q$503, '2_DATA_DA_NEN_TANG'!$C$4:$C$503, I13) | L13: =SUMIFS('3_DATA_HANH_CHINH_DU_AN'!$M$4:$M$183, '3_DATA_HANH_CHINH_DU_AN'!$C$4:$C$183, I13) | M13: =AVERAGEIFS('3_DATA_HANH_CHINH_DU_AN'!$K$4:$K$183, '3_DATA_HANH_CHINH_DU_AN'!$C$4:$C$183, I13)
B14: YouTube | C14: =COUNTIF('2_DATA_DA_NEN_TANG'!$G$4:$G$503, B14) | D14: =SUMIFS('2_DATA_DA_NEN_TANG'!$K$4:$K$503, '2_DATA_DA_NEN_TANG'!$G$4:$G$503, B14) | E14: =SUMIFS('2_DATA_DA_NEN_TANG'!$P$4:$P$503, '2_DATA_DA_NEN_TANG'!$G$4:$G$503, B14) | F14: =SUMIFS('2_DATA_DA_NEN_TANG'!$Q$4:$Q$503, '2_DATA_DA_NEN_TANG'!$G$4:$G$503, B14) | G14: =F14-E14 | I14: Tháng 02/2026 | J14: =SUMIFS('2_DATA_DA_NEN_TANG'!$K$4:$K$503, '2_DATA_DA_NEN_TANG'!$C$4:$C$503, I14) | K14: =SUMIFS('2_DATA_DA_NEN_TANG'!$Q$4:$Q$503, '2_DATA_DA_NEN_TANG'!$C$4:$C$503, I14) | L14: =SUMIFS('3_DATA_HANH_CHINH_DU_AN'!$M$4:$M$183, '3_DATA_HANH_CHINH_DU_AN'!$C$4:$C$183, I14) | M14: =AVERAGEIFS('3_DATA_HANH_CHINH_DU_AN'!$K$4:$K$183, '3_DATA_HANH_CHINH_DU_AN'!$C$4:$C$183, I14)
B15: Báo Điện tử (Web) | C15: =COUNTIF('2_DATA_DA_NEN_TANG'!$G$4:$G$503, B15) | D15: =SUMIFS('2_DATA_DA_NEN_TANG'!$K$4:$K$503, '2_DATA_DA_NEN_TANG'!$G$4:$G$503, B15) | E15: =SUMIFS('2_DATA_DA_NEN_TANG'!$P$4:$P$503, '2_DATA_DA_NEN_TANG'!$G$4:$G$503, B15) | F15: =SUMIFS('2_DATA_DA_NEN_TANG'!$Q$4:$Q$503, '2_DATA_DA_NEN_TANG'!$G$4:$G$503, B15) | G15: =F15-E15 | I15: Tháng 03/2026 | J15: =SUMIFS('2_DATA_DA_NEN_TANG'!$K$4:$K$503, '2_DATA_DA_NEN_TANG'!$C$4:$C$503, I15) | K15: =SUMIFS('2_DATA_DA_NEN_TANG'!$Q$4:$Q$503, '2_DATA_DA_NEN_TANG'!$C$4:$C$503, I15) | L15: =SUMIFS('3_DATA_HANH_CHINH_DU_AN'!$M$4:$M$183, '3_DATA_HANH_CHINH_DU_AN'!$C$4:$C$183, I15) | M15: =AVERAGEIFS('3_DATA_HANH_CHINH_DU_AN'!$K$4:$K$183, '3_DATA_HANH_CHINH_DU_AN'!$C$4:$C$183, I15)
B16: Facebook Page | C16: =COUNTIF('2_DATA_DA_NEN_TANG'!$G$4:$G$503, B16) | D16: =SUMIFS('2_DATA_DA_NEN_TANG'!$K$4:$K$503, '2_DATA_DA_NEN_TANG'!$G$4:$G$503, B16) | E16: =SUMIFS('2_DATA_DA_NEN_TANG'!$P$4:$P$503, '2_DATA_DA_NEN_TANG'!$G$4:$G$503, B16) | F16: =SUMIFS('2_DATA_DA_NEN_TANG'!$Q$4:$Q$503, '2_DATA_DA_NEN_TANG'!$G$4:$G$503, B16) | G16: =F16-E16 | I16: Tháng 04/2026 | J16: =SUMIFS('2_DATA_DA_NEN_TANG'!$K$4:$K$503, '2_DATA_DA_NEN_TANG'!$C$4:$C$503, I16) | K16: =SUMIFS('2_DATA_DA_NEN_TANG'!$Q$4:$Q$503, '2_DATA_DA_NEN_TANG'!$C$4:$C$503, I16) | L16: =SUMIFS('3_DATA_HANH_CHINH_DU_AN'!$M$4:$M$183, '3_DATA_HANH_CHINH_DU_AN'!$C$4:$C$183, I16) | M16: =AVERAGEIFS('3_DATA_HANH_CHINH_DU_AN'!$K$4:$K$183, '3_DATA_HANH_CHINH_DU_AN'!$C$4:$C$183, I16)
B17: Podcast / Audio | C17: =COUNTIF('2_DATA_DA_NEN_TANG'!$G$4:$G$503, B17) | D17: =SUMIFS('2_DATA_DA_NEN_TANG'!$K$4:$K$503, '2_DATA_DA_NEN_TANG'!$G$4:$G$503, B17) | E17: =SUMIFS('2_DATA_DA_NEN_TANG'!$P$4:$P$503, '2_DATA_DA_NEN_TANG'!$G$4:$G$503, B17) | F17: =SUMIFS('2_DATA_DA_NEN_TANG'!$Q$4:$Q$503, '2_DATA_DA_NEN_TANG'!$G$4:$G$503, B17) | G17: =F17-E17 | I17: Tháng 05/2026 | J17: =SUMIFS('2_DATA_DA_NEN_TANG'!$K$4:$K$503, '2_DATA_DA_NEN_TANG'!$C$4:$C$503, I17) | K17: =SUMIFS('2_DATA_DA_NEN_TANG'!$Q$4:$Q$503, '2_DATA_DA_NEN_TANG'!$C$4:$C$503, I17) | L17: =SUMIFS('3_DATA_HANH_CHINH_DU_AN'!$M$4:$M$183, '3_DATA_HANH_CHINH_DU_AN'!$C$4:$C$183, I17) | M17: =AVERAGEIFS('3_DATA_HANH_CHINH_DU_AN'!$K$4:$K$183, '3_DATA_HANH_CHINH_DU_AN'!$C$4:$C$183, I17)
I18: Tháng 06/2026 | J18: =SUMIFS('2_DATA_DA_NEN_TANG'!$K$4:$K$503, '2_DATA_DA_NEN_TANG'!$C$4:$C$503, I18) | K18: =SUMIFS('2_DATA_DA_NEN_TANG'!$Q$4:$Q$503, '2_DATA_DA_NEN_TANG'!$C$4:$C$503, I18) | L18: =SUMIFS('3_DATA_HANH_CHINH_DU_AN'!$M$4:$M$183, '3_DATA_HANH_CHINH_DU_AN'!$C$4:$C$183, I18) | M18: =AVERAGEIFS('3_DATA_HANH_CHINH_DU_AN'!$K$4:$K$183, '3_DATA_HANH_CHINH_DU_AN'!$C$4:$C$183, I18)
B20: 3. PHÂN TÍCH HIỆU QUẢ ỨNG DỤNG AI TRONG SẢN XUẤT NỘI DUNG & HÀNH CHÍNH
B21: Mức độ ứng dụng AI | C21: Số lượng SP | D21: Chi phí SX Trung bình | E21: Retention TB (%) | F21: Doanh thu TB (VNĐ) | G21: Hiệu quả ROI
B22: Toàn trình (70%) | C22: =COUNTIF('2_DATA_DA_NEN_TANG'!$J$4:$J$503, B22) | D22: =AVERAGEIFS('2_DATA_DA_NEN_TANG'!$P$4:$P$503, '2_DATA_DA_NEN_TANG'!$J$4:$J$503, B22) | E22: =AVERAGEIFS('2_DATA_DA_NEN_TANG'!$O$4:$O$503, '2_DATA_DA_NEN_TANG'!$J$4:$J$503, B22) | F22: =AVERAGEIFS('2_DATA_DA_NEN_TANG'!$Q$4:$Q$503, '2_DATA_DA_NEN_TANG'!$J$4:$J$503, B22) | G22: =(F22-D22)/D22
B23: Hỗ trợ sâu (40%) | C23: =COUNTIF('2_DATA_DA_NEN_TANG'!$J$4:$J$503, B23) | D23: =AVERAGEIFS('2_DATA_DA_NEN_TANG'!$P$4:$P$503, '2_DATA_DA_NEN_TANG'!$J$4:$J$503, B23) | E23: =AVERAGEIFS('2_DATA_DA_NEN_TANG'!$O$4:$O$503, '2_DATA_DA_NEN_TANG'!$J$4:$J$503, B23) | F23: =AVERAGEIFS('2_DATA_DA_NEN_TANG'!$Q$4:$Q$503, '2_DATA_DA_NEN_TANG'!$J$4:$J$503, B23) | G23: =(F23-D23)/D23
B24: Cơ bản (15%) | C24: =COUNTIF('2_DATA_DA_NEN_TANG'!$J$4:$J$503, B24) | D24: =AVERAGEIFS('2_DATA_DA_NEN_TANG'!$P$4:$P$503, '2_DATA_DA_NEN_TANG'!$J$4:$J$503, B24) | E24: =AVERAGEIFS('2_DATA_DA_NEN_TANG'!$O$4:$O$503, '2_DATA_DA_NEN_TANG'!$J$4:$J$503, B24) | F24: =AVERAGEIFS('2_DATA_DA_NEN_TANG'!$Q$4:$Q$503, '2_DATA_DA_NEN_TANG'!$J$4:$J$503, B24) | G24: =(F24-D24)/D24
B25: Thủ công (0%) | C25: =COUNTIF('2_DATA_DA_NEN_TANG'!$J$4:$J$503, B25) | D25: =AVERAGEIFS('2_DATA_DA_NEN_TANG'!$P$4:$P$503, '2_DATA_DA_NEN_TANG'!$J$4:$J$503, B25) | E25: =AVERAGEIFS('2_DATA_DA_NEN_TANG'!$O$4:$O$503, '2_DATA_DA_NEN_TANG'!$J$4:$J$503, B25) | F25: =AVERAGEIFS('2_DATA_DA_NEN_TANG'!$Q$4:$Q$503, '2_DATA_DA_NEN_TANG'!$J$4:$J$503, B25) | G25: =(F25-D25)/D25
